sequence_id,original_sequence,bpe_encoded,original_length,encoded_tokens,compression_ratio
brkana,TTTGTCCTGGAAAGCCCCA,TTTGTCCTGGAAAGCCCCA</w>,19,1,19.0
brkere,TTTGGACGGGAAAGCCCCA,TTTGGACGGGAAAGCCCCA</w>,19,1,19.0
brkmel,TTTGAACGGGAAAGCCCCA,TTTGAACGGGAAAGCCCCA</w>,19,1,19.0
brkmoj,GGTGTACGGGAAAGCCCCA,GGTGTACGGGAAAGCCCCA</w>,19,1,19.0
brkper,GACTGGCGGGAAAGCCCCA,GACTGGCGGGAAAGCCCCA</w>,19,1,19.0
brkpse,GACTGGCGGGAAAGCCCCA,GACTGGCGGGAAAGCCCCA</w>,19,1,19.0
brksec,TTTGAACGGGAAAGCCCCA,TTTGAACGGGAAAGCCCCA</w>,19,1,19.0
brksim,TTTGAACGGGAAAGCCCCA,TTTGAACGGGAAAGCCCCA</w>,19,1,19.0
brkvir,GCTGGACGGGAAAGCCCCA,GCTGGACGGGAAAGCCCCA</w>,19,1,19.0
brkwil,GTGCGTCGGGAAAGCCCCA,GTGCGTCGGGAAAGCCCCA</w>,19,1,19.0
brkyak,ATTGGACGGGAAAGCCCCA,ATTGGACGGGAAAGCCCCA</w>,19,1,19.0
brkgri,ATGGGGCTTTCCCGCGTG,ATGGGGCTTTCCCGCGTG</w>,18,1,18.0
rhoana,GCGGAATTTCCTG,GCGGAATTTCCTG</w>,13,1,13.0
rhoere,GCGGAATTTCCTG,GCGGAATTTCCTG</w>,13,1,13.0
rhogri,GCGGAATTTCCTG,GCGGAATTTCCTG</w>,13,1,13.0
rhomel,GCGGAATTTCCTG,GCGGAATTTCCTG</w>,13,1,13.0
rhomoj,GCGGAAATTCCTG,GCGGAAATTCCTG</w>,13,1,13.0
rhopse,GCGGAAATTCCTG,GCGGAAATTCCTG</w>,13,1,13.0
rhosec,GCGGAATTTCCTG,GCGGAATTTCCTG</w>,13,1,13.0
rhosim,GCGGAATTTCCTG,GCGGAATTTCCTG</w>,13,1,13.0
rhovir,GCGGAAATTCCTG,GCGGAAATTCCTG</w>,13,1,13.0
rhowil,GCGGAAATTCCTA,GCGGAAATTCCTA</w>,13,1,13.0
rhoyak,GCGGAATTTCCTG,GCGGAATTTCCTG</w>,13,1,13.0
2rhoana,GAGGAAATTCCCG,GAGGAAATTCCCG</w>,13,1,13.0
2rhoere,GGGGAAATTCCCG,GGGGAAATTCCCG</w>,13,1,13.0
2rhomel,GGGGAAATTCCCG,GGGGAAATTCCCG</w>,13,1,13.0
2rhomoj,GTGGGAAAAACGA,GTGGGAAAAACGA</w>,13,1,13.0
2rhopse,GAGGAATTTCCCG,GAGGAATTTCCCG</w>,13,1,13.0
2rhosec,GGGGAAATTCCCG,GGGGAAATTCCCG</w>,13,1,13.0
2rhosim,GGGGGAATTCCCG,GGGGGAATTCCCG</w>,13,1,13.0
2rhovir,CGGGAAAAAACCG,CGGGAAAAAACCG</w>,13,1,13.0
2rhowil,TAGGAATTCCCCG,TAGGAATTCCCCG</w>,13,1,13.0
2rhoyak,GGGGAAATTCCCG,GGGGAAATTCCCG</w>,13,1,13.0
vndana,GAGGGAAACCCCCAT,GAGGGAAACCCCCAT</w>,15,1,15.0
vndere,AGGGAAACCCCAAT,AGGGAAACCCCAAT</w>,14,1,14.0
vndgri,ATGGGAAACCCCAAC,ATGGGAAACCCCAAC</w>,15,1,15.0
vndmel,AGGGAAACCCCAAT,AGGGAAACCCCAAT</w>,14,1,14.0
vndpse,AGGGAAACTCCAAT,AGGGAAACTCCAAT</w>,14,1,14.0
vndsec,AGGGAAACCCCAAT,AGGGAAACCCCAAT</w>,14,1,14.0
vndsim,AGGGAAACCCCAAT,AGGGAAACCCCAAT</w>,14,1,14.0
vndvir,AGGGAAACCCCAAC,AGGGAAACCCCAAC</w>,14,1,14.0
vndwil,AGGGAAACCCCACA,AGGGAAACCCCACA</w>,14,1,14.0
vndyak,AGGGAAACCCCAAT,AGGGAAACCCCAAT</w>,14,1,14.0
2vndana,GTGGAAAAACCGGAA,GTGGAAAAACCGGAA</w>,15,1,15.0
2vndere,ATGGGAAAACCGGAA,ATGGGAAAACCGGAA</w>,15,1,15.0
2vndgri,ATGGAAAAACCGGAA,ATGGAAAAACCGGAA</w>,15,1,15.0
2vndmel,ATGGGAAAACCGGAA,ATGGGAAAACCGGAA</w>,15,1,15.0
2vndpse,GTGGAAAAACCGGAA,GTGGAAAAACCGGAA</w>,15,1,15.0
2vndsec,ATGGGAAAACCGGAA,ATGGGAAAACCGGAA</w>,15,1,15.0
2vndsim,ATGGGAAAACCGGAA,ATGGGAAAACCGGAA</w>,15,1,15.0
2vndvir,GTGGAAAAACCGGAA,GTGGAAAAACCGGAA</w>,15,1,15.0
2vndwil,GCGGAAAAACCGGAA,GCGGAAAAACCGGAA</w>,15,1,15.0
2vndyak,ATGGGAAAACCGGAA,ATGGGAAAACCGGAA</w>,15,1,15.0
vnana,GGCCGGAAATTCCCTT,GGCCGGAAATTCCCTT</w>,16,1,16.0
C_vnere,GGCCGGAAATTCCCC,GGCCGGAAATTCCCC</w>,15,1,15.0
C_vngri,GGCCGGAAATTCCCC,GGCCGGAAATTCCCC</w>,15,1,15.0
vnmel,GGCCGGAAATTCCCC,GGCCGGAAATTCCCC</w>,15,1,15.0
vnmoj,GCCGGAAATTCCCCGT,GCCGGAAATTCCCCGT</w>,16,1,16.0
vnper,GGCCGGAAATTCCCATGC,GGCCGGAAATTCCCATGC</w>,18,1,18.0
vnpse,GGCCGGAAATTCCCATGC,GGCCGGAAATTCCCATGC</w>,18,1,18.0
C_vnsec,GGCCGGAAATTCCCC,GGCCGGAAATTCCCC</w>,15,1,15.0
vnsim,GGCCGGAAATTCCCC,GGCCGGAAATTCCCC</w>,15,1,15.0
vnvir,GTGCCGGAAATTCCCC,GTGCCGGAAATTCCCC</w>,16,1,16.0
vnwil,GATGCCGGAAATTCCC,GATGCCGGAAATTCCC</w>,16,1,16.0
vnyak,GGCCGGAAATTCCCC,GGCCGGAAATTCCCC</w>,15,1,15.0
1sogSana,GTGGGAATTCCCAGC,GTGGGAATTCCCAGC</w>,15,1,15.0
1C_sogSere,GCGGAAATTCCCACC,GCGGAAATTCCCACC</w>,15,1,15.0
1C_sogSgri,ACATAAATTCCCATC,ACATAAATTCCCATC</w>,15,1,15.0
1sogSmel,TCGGAAATTCCCACC,TCGGAAATTCCCACC</w>,15,1,15.0
1sogSmoj,CGTAAATTCCCAGCC,CGTAAATTCCCAGCC</w>,15,1,15.0
1sogSper,ACGGAAATTCCCACC,ACGGAAATTCCCACC</w>,15,1,15.0
1sogSpse,ACGGAAATTCCCACC,ACGGAAATTCCCACC</w>,15,1,15.0
1sogSsec,GCGGAAATTCCCACC,GCGGAAATTCCCACC</w>,15,1,15.0
1sogSsim,GCGGAAATTCCCACC,GCGGAAATTCCCACC</w>,15,1,15.0
1C_sogSvir,ACGTAAATTCCCATA,ACGTAAATTCCCATA</w>,15,1,15.0
1sogSwil,ACGGAAATTCCCATC,ACGGAAATTCCCATC</w>,15,1,15.0
1sogSyak,GCGGAAATTCCCACC,GCGGAAATTCCCACC</w>,15,1,15.0
2sogSana,CCTGGGAATTTCCGGACA,CCTGGGAATTTCCGGACA</w>,18,1,18.0
2C_sogSere,CCTGGGTATTTCCGATCG,CCTGGGTATTTCCGATCG</w>,18,1,18.0
2C_sogSgri,CCATTCGGGAATTTCCGGAA,CCATTCGGGAATTTCCGGAA</w>,20,1,20.0
2sogSmel,CCTGGGAATTTCCGATTT,CCTGGGAATTTCCGATTT</w>,18,1,18.0
2sogSmoj,CCTGCAAGGGAATTTCCGGGGT,CCTGCAAGGGAATTTCCGGGGT</w>,22,1,22.0
2sogSper,ACTGGGAATTTCCGCCAG,ACTGGGAATTTCCGCCAG</w>,18,1,18.0
2sogSpse,ACTGGGAATTTCCGCCAG,ACTGGGAATTTCCGCCAG</w>,18,1,18.0
2sogSsec,GCTGGGAATTTCCGATCC,GCTGGGAATTTCCGATCC</w>,18,1,18.0
2sogSsim,CCTGGGAATTTCCGATCC,CCTGGGAATTTCCGATCC</w>,18,1,18.0
2C_sogSvir,CCTGTGCCGGGGAATTCCCGTAA,CCTGTGCCGGGGAATTCCCGTAA</w>,23,1,23.0
2sogSwil,GTTGCTGGCGGGAATTTCCGTTT,GTTGCTGGCGGGAATTTCCGTTT</w>,23,1,23.0
2sogSyak,CCTGGGAATTTCCGATCG,CCTGGGAATTTCCGATCG</w>,18,1,18.0
2dppana,GCGTACTTTCCGA,GCGTACTTTCCGA</w>,13,1,13.0
2dppere,GCGTACTTTCCAC,GCGTACTTTCCAC</w>,13,1,13.0
2dppmel,GCGTACTTTCCGC,GCGTACTTTCCGC</w>,13,1,13.0
2dppmoj,GCGTACTTTCCGC,GCGTACTTTCCGC</w>,13,1,13.0
2dppper,GCGTACTTTCCGC,GCGTACTTTCCGC</w>,13,1,13.0
2dpppse,GCGTACTTTCCGC,GCGTACTTTCCGC</w>,13,1,13.0
2dppsec,GCGTACTTTCCGC,GCGTACTTTCCGC</w>,13,1,13.0
2dppsim,GCGTACTTTCCGC,GCGTACTTTCCGC</w>,13,1,13.0
2dppvir,GCGTACTTTCCAGC,GCGTACTTTCCAGC</w>,14,1,14.0
2dppwil,GCGTACTTTCCCC,GCGTACTTTCCCC</w>,13,1,13.0
2dppyak,GCGTACTTTCCGC,GCGTACTTTCCGC</w>,13,1,13.0
3dppana,AGGATTTTCCCTGA,AGGATTTTCCCTGA</w>,14,1,14.0
3dppere,CGGATTTTCCCTGA,CGGATTTTCCCTGA</w>,14,1,14.0
3dppgri,GTTATTTTTACAAA,GTTATTTTTACAAA</w>,14,1,14.0
3dppmel,CGGATTTTCCTGA,CGGATTTTCCTGA</w>,13,1,13.0
3dppmoj,CAGGATTTTCCCTCG,CAGGATTTTCCCTCG</w>,15,1,15.0
3dppper,CTGGATTTTCCCTGA,CTGGATTTTCCCTGA</w>,15,1,15.0
3dpppse,CTGGATTTTCCCTGA,CTGGATTTTCCCTGA</w>,15,1,15.0
3dppsec,CGGATTTTCCCTGA,CGGATTTTCCCTGA</w>,14,1,14.0
3dppsim,CGGATTTTCCCTGA,CGGATTTTCCCTGA</w>,14,1,14.0
3dppvir,CAGGATTTTCCCCTG,CAGGATTTTCCCCTG</w>,15,1,15.0
3dppwil,CGGGATTTTCCCTTT,CGGGATTTTCCCTTT</w>,15,1,15.0
3dppyak,CGGATTTTCCCTGA,CGGATTTTCCCTGA</w>,14,1,14.0
4dppana,ACGCGGAATTTCCGCGGC,ACGCGGAATTTCCGCGGC</w>,18,1,18.0
4dppere,ACGCGGAAATTCCACGGC,ACGCGGAAATTCCACGGC</w>,18,1,18.0
4dppmel,ACGCGGAAATTCCACGGC,ACGCGGAAATTCCACGGC</w>,18,1,18.0
4dppmoj,ACGCGGAAATTCCGCAGC,ACGCGGAAATTCCGCAGC</w>,18,1,18.0
4dppper,ACGCGGAAATTCCGCAGC,ACGCGGAAATTCCGCAGC</w>,18,1,18.0
4dpppse,ACGCGGAAATTCCGCAGC,ACGCGGAAATTCCGCAGC</w>,18,1,18.0
4dppsec,ACGCGGAAATTCCACGGC,ACGCGGAAATTCCACGGC</w>,18,1,18.0
4dppsim,ACGCGGAAATTCCACGGC,ACGCGGAAATTCCACGGC</w>,18,1,18.0
4dppvir,ACGCGGAAATTCCGCAGC,ACGCGGAAATTCCGCAGC</w>,18,1,18.0
4dppwil,ACGCGGAAATTCCGCAGC,ACGCGGAAATTCCGCAGC</w>,18,1,18.0
4dppyak,ACGCGGAAATTCCACGGC,ACGCGGAAATTCCACGGC</w>,18,1,18.0
5dppana,CCTTGAAAACTTTCTTCGG,CCTTGAAAACTTTCTTCGG</w>,19,1,19.0
5dppere,CCTTGAAAAATTTCCTCGG,CCTTGAAAAATTTCCTCGG</w>,19,1,19.0
5dppmel,CCTTGAAATTTTTCCTAAG,CCTTGAAATTTTTCCTAAG</w>,19,1,19.0
5dppmoj,CCTTGAAATTTTTCTAGAG,CCTTGAAATTTTTCTAGAG</w>,19,1,19.0
5dppper,CCTTGAGAATTTTCAACGG,CCTTGAGAATTTTCAACGG</w>,19,1,19.0
5dpppse,CCTTGAGAATTTTCAACGG,CCTTGAGAATTTTCAACGG</w>,19,1,19.0
5dppsec,CCTTGAAATTTTTCCTAGG,CCTTGAAATTTTTCCTAGG</w>,19,1,19.0
5dppsim,CCTTGAAATTTTTCCTAGG,CCTTGAAATTTTTCCTAGG</w>,19,1,19.0
5dppvir,CCTTGAAATTTTTCTACGG,CCTTGAAATTTTTCTACGG</w>,19,1,19.0
5dppwil,CCTTGAAATTTTTCATACG,CCTTGAAATTTTTCATACG</w>,19,1,19.0
5dppyak,CCTTGAAAATTTTCAGTGG,CCTTGAAAATTTTCAGTGG</w>,19,1,19.0
6dppana,ATGGCTTTTATATT,ATGGCTTTTATATT</w>,14,1,14.0
6dppere,ATGGCTTTTATATT,ATGGCTTTTATATT</w>,14,1,14.0
6dppmel,ATGGCTTTTATATT,ATGGCTTTTATATT</w>,14,1,14.0
6dppmoj,ATGGCTTTTATATT,ATGGCTTTTATATT</w>,14,1,14.0
6dppper,ATGGCTTTTATATT,ATGGCTTTTATATT</w>,14,1,14.0
6dpppse,ATGGCTTTTATATT,ATGGCTTTTATATT</w>,14,1,14.0
6dppsec,ATGGCTTTTATATT,ATGGCTTTTATATT</w>,14,1,14.0
6dppsim,ATGGCTTTTATATT,ATGGCTTTTATATT</w>,14,1,14.0
6dppvir,ATGGCTTTTATATT,ATGGCTTTTATATT</w>,14,1,14.0
6dppwil,ATGGCTTTTATATT,ATGGCTTTTATATT</w>,14,1,14.0
6dppyak,ATGGCTTTTATATT,ATGGCTTTTATATT</w>,14,1,14.0
ddppana,GCATTATTTTCCGC,GCATTATTTTCCGC</w>,14,1,14.0
ddppere,GCATTATTTTCCGC,GCATTATTTTCCGC</w>,14,1,14.0
ddppmel,GCATTATTTTCCGC,GCATTATTTTCCGC</w>,14,1,14.0
ddppmoj,GCATTATTTTCCAC,GCATTATTTTCCAC</w>,14,1,14.0
ddppper,GCATTATTTTCCGC,GCATTATTTTCCGC</w>,14,1,14.0
ddpppse,GCATTATTTTCCGC,GCATTATTTTCCGC</w>,14,1,14.0
ddppsec,GCATTATTTTCCGC,GCATTATTTTCCGC</w>,14,1,14.0
ddppsim,GCATTATTTTCCGC,GCATTATTTTCCGC</w>,14,1,14.0
ddppvir,GCATTATTTTCCAC,GCATTATTTTCCAC</w>,14,1,14.0
ddppwil,GCATTATTTTCCAC,GCATTATTTTCCAC</w>,14,1,14.0
ddppyak,GCATTATTTTCCGC,GCATTATTTTCCGC</w>,14,1,14.0
edppana,ATTAGAGTACTCAAACAATAA,ATTAGAGTACTCAAACAATAA</w>,21,1,21.0
edppere,ATTATAGGGTCGAACAATAA,ATTATAGGGTCGAACAATAA</w>,20,1,20.0
edppmel,ATTATAGGGTCGAACAATAA,ATTATAGGGTCGAACAATAA</w>,20,1,20.0
edppmoj,ATTAGAGGGGATGAACAATAA,ATTAGAGGGGATGAACAATAA</w>,21,1,21.0
edppper,ATTAGAGGGACGGACAATAA,ATTAGAGGGACGGACAATAA</w>,20,1,20.0
edpppse,ATTAGAGGGACGGACAATAA,ATTAGAGGGACGGACAATAA</w>,20,1,20.0
edppsec,ATTATAGGGTCGTACAATAA,ATTATAGGGTCGTACAATAA</w>,20,1,20.0
edppsim,ATTATAGGGTCGAACAATAA,ATTATAGGGTCGAACAATAA</w>,20,1,20.0
edppvir,ATTAGAGGGATGAACAATAA,ATTAGAGGGATGAACAATAA</w>,20,1,20.0
edppwil,ATTAGAGAGATGAACAATAA,ATTAGAGAGATGAACAATAA</w>,20,1,20.0
edppyak,ATTATAGGGTCGAACAATAA,ATTATAGGGTCGAACAATAA</w>,20,1,20.0
1tldmel,TGGAATTACCGCG,TGGAATTACCGCG</w>,13,1,13.0
1tldmoj,CTGGGTCATATTCA,CTGGGTCATATTCA</w>,14,1,14.0
1tldpse,TGGAATTACCGAG,TGGAATTACCGAG</w>,13,1,13.0
1tldsec,TGGAATTACCACG,TGGAATTACCACG</w>,13,1,13.0
1tldsim,TGGAATTACCACG,TGGAATTACCACG</w>,13,1,13.0
1tldvir,TGGATTTACCGCG,TGGATTTACCGCG</w>,13,1,13.0
1tldwil,GGGAATTACCGCG,GGGAATTACCGCG</w>,13,1,13.0
1tldyak,TGGAATTACCGCG,TGGAATTACCGCG</w>,13,1,13.0
2tldgri,AGGGATACCCAnn,AGGGATACCCAnn</w>,13,1,13.0
2tldmel,CAGGAATACCCAnn,CAGGAATACCCAnn</w>,14,1,14.0
2tldmoj,AGGAATACCCAnn,AGGAATACCCAnn</w>,13,1,13.0
2tldpse,AGGGATACCCAnn,AGGGATACCCAnn</w>,13,1,13.0
2tldsec,CAGGGATACCCA,CAGGGATACCCA</w>,12,1,12.0
2tldsim,CAGGGATACCCAn,CAGGGATACCCAn</w>,13,1,13.0
2tldvir,AGGAATACCCAnn,AGGAATACCCAnn</w>,13,1,13.0
2tldwil,AGGGATACCCAnn,AGGGATACCCAnn</w>,13,1,13.0
2tldyak,CAGGGATACCCAn,CAGGGATACCCAn</w>,13,1,13.0
3tldmel,CCAGAAATACCCAC,CCAGAAATACCCAC</w>,14,1,14.0
3tldsec,CCAGAAATACCCAC,CCAGAAATACCCAC</w>,14,1,14.0
3tldsim,CCAGAAATACCCAC,CCAGAAATACCCAC</w>,14,1,14.0
3tldyak,CCAGAAATACGCAA,CCAGAAATACGCAA</w>,14,1,14.0
1zenana,TCGGGAAAACCAGC,TCGGGAAAACCAGC</w>,14,1,14.0
1zenere,TCGGGAAAACCAGA,TCGGGAAAACCAGA</w>,14,1,14.0
1zengri,TCGGAAAAACCAGC,TCGGAAAAACCAGC</w>,14,1,14.0
1zenmel,TCGGGAAAACCAGA,TCGGGAAAACCAGA</w>,14,1,14.0
1zenmoj,TCGGGAAAACCAGC,TCGGGAAAACCAGC</w>,14,1,14.0
1zenper,GCGGTAAATATGGA,GCGGTAAATATGGA</w>,14,1,14.0
1zenpse,TCGGAAAAACCACG,TCGGAAAAACCACG</w>,14,1,14.0
1zensec,TCGGGAAAACCAGA,TCGGGAAAACCAGA</w>,14,1,14.0
1zensim,TCGGGAAAACCAGA,TCGGGAAAACCAGA</w>,14,1,14.0
1zenvir,TCGGGAAAACCAGC,TCGGGAAAACCAGC</w>,14,1,14.0
1zenwil,TCGGAAAAACCAGC,TCGGAAAAACCAGC</w>,14,1,14.0
1zenyak,TCGGGAAAACCAGA,TCGGGAAAACCAGA</w>,14,1,14.0
2zenana,ATGGGAGAAACCCAA,ATGGGAGAAACCCAA</w>,15,1,15.0
2zenere,CTGGGAGAAACCCAA,CTGGGAGAAACCCAA</w>,15,1,15.0
2zengri,ATGGGAGAAACCCAA,ATGGGAGAAACCCAA</w>,15,1,15.0
2zenmel,CTGGGAGAAACCCAA,CTGGGAGAAACCCAA</w>,15,1,15.0
2zenmoj,ATGGGAGAAACCCAT,ATGGGAGAAACCCAT</w>,15,1,15.0
2zenper,AATCCGGGAAACCAAA,AATCCGGGAAACCAAA</w>,16,1,16.0
2zenpse,TTGGGAAACACTGGAATTTCCAA,TTGGGAAACACTGGAATTTCCAA</w>,23,1,23.0
2zensec,CTGGGAGAAACCCAA,CTGGGAGAAACCCAA</w>,15,1,15.0
2zensim,CTGGGAGAAACCCAA,CTGGGAGAAACCCAA</w>,15,1,15.0
2zenvir,ATGGGAGAAACCCAC,ATGGGAGAAACCCAC</w>,15,1,15.0
2zenwil,GATGGGATAAACCCAG,GATGGGATAAACCCAG</w>,16,1,16.0
2zenyak,CTGGGAGAAACCCAA,CTGGGAGAAACCCAA</w>,15,1,15.0
3zenana,CTGGATTTTCCATA,CTGGATTTTCCATA</w>,14,1,14.0
3zenere,CTGGATTTTCCAAA,CTGGATTTTCCAAA</w>,14,1,14.0
3zengri,TCGGATTTCCCGTA,TCGGATTTCCCGTA</w>,14,1,14.0
3zenmel,CTGGATTTCCCAAA,CTGGATTTCCCAAA</w>,14,1,14.0
3zenmoj,TTGGATTTTCCATA,TTGGATTTTCCATA</w>,14,1,14.0
3zenper,CCAGTGTTTCCCA,CCAGTGTTTCCCA</w>,13,1,13.0
3zenpse,CCGGATTTTCCATA,CCGGATTTTCCATA</w>,14,1,14.0
3zensec,CTGGATTTTCCAAA,CTGGATTTTCCAAA</w>,14,1,14.0
3zensim,CTGGATTTTCCAAA,CTGGATTTTCCAAA</w>,14,1,14.0
3zenvir,TTGGATTTTCCAAG,TTGGATTTTCCAAG</w>,14,1,14.0
3zenwil,TTGGATTTTCCATA,TTGGATTTTCCATA</w>,14,1,14.0
3zenyak,CTGGATTTTCCAAA,CTGGATTTTCCAAA</w>,14,1,14.0
4zenana,TTTGGTTTTTCCCAAA,TTTGGTTTTTCCCAAA</w>,16,1,16.0
4zenere,CTTGGTTTTCCCAG,CTTGGTTTTCCCAG</w>,14,1,14.0
4zenmel,CTTGGTTTTCCCAG,CTTGGTTTTCCCAG</w>,14,1,14.0
4zenpse,TTTGGGAATTTCCCCC,TTTGGGAATTTCCCCC</w>,16,1,16.0
4zensec,CTTGGTTTTTCCAG,CTTGGTTTTTCCAG</w>,14,1,14.0
4zensim,CTTGGTTTTTCCAG,CTTGGTTTTTCCAG</w>,14,1,14.0
4zenyak,CTTGGTTTTCCCAG,CTTGGTTTTCCCAG</w>,14,1,14.0
1twiana,GAGACCGGGGCAAAACCCT,GAGACCGGGGCAAAACCCT</w>,19,1,19.0
1twiere,GGCACAGGGCAAAACCCT,GGCACAGGGCAAAACCCT</w>,18,1,18.0
1twigri,CTGAGAAAAAACCCT,CTGAGAAAAAACCCT</w>,15,1,15.0
1twimel,GGGACAGGGCAAAACCCT,GGGACAGGGCAAAACCCT</w>,18,1,18.0
1twimoj,GTGAAGACAAAAAAACCCC,GTGAAGACAAAAAAACCCC</w>,19,1,19.0
1twiper,GGGGCAAAACCCT,GGGGCAAAACCCT</w>,13,1,13.0
1twipse,GGGGCAAAACCCT,GGGGCAAAACCCT</w>,13,1,13.0
1twisec,GGGTCAGGGCAAAACCCT,GGGTCAGGGCAAAACCCT</w>,18,1,18.0
1twisim,GGGACAGGGCAAAACCCT,GGGACAGGGCAAAACCCT</w>,18,1,18.0
1twivir,GGGCACAAAAAAAACCCT,GGGCACAAAAAAAACCCT</w>,18,1,18.0
1twiwil,AGGGCAAAACCCT,AGGGCAAAACCCT</w>,13,1,13.0
1twiyak,AGGGCAAAACCCT,AGGGCAAAACCCT</w>,13,1,13.0
2twiana,CGGAGTTCCCCTn,CGGAGTTCCCCTn</w>,13,1,13.0
2twiere,TGGAGTTCCCCTn,TGGAGTTCCCCTn</w>,13,1,13.0
2twigri,TGGTGTTTCCCCA,TGGTGTTTCCCCA</w>,13,1,13.0
2twimel,TGGAGTTCCCCTn,TGGAGTTCCCCTn</w>,13,1,13.0
2twimoj,TGGAGTTTCCTCT,TGGAGTTTCCTCT</w>,13,1,13.0
2twiper,TGGGGTTCCCATn,TGGGGTTCCCATn</w>,13,1,13.0
2twipse,TGGGGTTCCCATn,TGGGGTTCCCATn</w>,13,1,13.0
2twisec,TGGAGTTCCCCTn,TGGAGTTCCCCTn</w>,13,1,13.0
2twisim,TGGAGTTCCCCTn,TGGAGTTCCCCTn</w>,13,1,13.0
2twivir,TGGAGTTTCCTTA,TGGAGTTTCCTTA</w>,13,1,13.0
2twiwil,CGGAGTTCCCAGT,CGGAGTTCCCAGT</w>,13,1,13.0
2twiyak,TGGAGTTCCCCTn,TGGAGTTCCCCTn</w>,13,1,13.0
3twiana,CGAGAGAAAACCCAA,CGAGAGAAAACCCAA</w>,15,1,15.0
3twiere,CGAGAGAAAACCCAA,CGAGAGAAAACCCAA</w>,15,1,15.0
3twimel,CGAGAGAAAACCCAA,CGAGAGAAAACCCAA</w>,15,1,15.0
3twimoj,CGGTTGACAAAACCCAA,CGGTTGACAAAACCCAA</w>,17,1,17.0
3twisec,CGAGAGAAAACCCAA,CGAGAGAAAACCCAA</w>,15,1,15.0
3twisim,CGAGAGAAAACCCAA,CGAGAGAAAACCCAA</w>,15,1,15.0
3twiyak,CAGGAGAGAAAACCCAA,CAGGAGAGAAAACCCAA</w>,17,1,17.0
4twiana,GGATATTTTCCCA,GGATATTTTCCCA</w>,13,1,13.0
4twiere,GCATTTTCCCAnnn,GCATTTTCCCAnnn</w>,14,1,14.0
4twimel,GCATTTTCCCAnn,GCATTTTCCCAnn</w>,13,1,13.0
4twisec,GCATTTTCCCAnn,GCATTTTCCCAnn</w>,13,1,13.0
4twisim,GCATTTTCCCAnn,GCATTTTCCCAnn</w>,13,1,13.0
4twiyak,GCATTTTCCCAnn,GCATTTTCCCAnn</w>,13,1,13.0
5twiana,AAAGAATAACCCAA,AAAGAATAACCCAA</w>,14,1,14.0
5twiere,AAAGAATAACCCAA,AAAGAATAACCCAA</w>,14,1,14.0
5twimel,AAAGAATAACCCAA,AAAGAATAACCCAA</w>,14,1,14.0
5twiper,AAAGAATAACCCAA,AAAGAATAACCCAA</w>,14,1,14.0
5twipse,AAAGAATAACCCAA,AAAGAATAACCCAA</w>,14,1,14.0
5twisec,AAAGAATAACCCAA,AAAGAATAACCCAA</w>,14,1,14.0
5twisim,AAAGAATAACCCAA,AAAGAATAACCCAA</w>,14,1,14.0
5twiyak,AAAGAATAACCCAA,AAAGAATAACCCAA</w>,14,1,14.0
6twiana,GAGAGGGCTGTCCAA,GAGAGGGCTGTCCAA</w>,15,1,15.0
6twiere,AGAGAAAGATCCAG,AGAGAAAGATCCAG</w>,14,1,14.0
6twigri,GGCGCCGAAAATTGCAG,GGCGCCGAAAATTGCAG</w>,17,1,17.0
6twimel,AGAGAAACAGAAAAATCCAG,AGAGAAACAGAAAAATCCAG</w>,20,1,20.0
6twimoj,ACGGAATTGCAGCC,ACGGAATTGCAGCC</w>,14,1,14.0
6twiper,ACGAAAATCTCTCG,ACGAAAATCTCTCG</w>,14,1,14.0
6twipse,ACGAAAATCTCTCG,ACGAAAATCTCTCG</w>,14,1,14.0
6twisec,AGAGAAAAAGAAAAATCCAG,AGAGAAAAAGAAAAATCCAG</w>,20,1,20.0
6twisim,AGAGAAAAAGAAAAATCCAG,AGAGAAAAAGAAAAATCCAG</w>,20,1,20.0
6twivir,AGCGCGCAAAATTGCAGCC,AGCGCGCAAAATTGCAGCC</w>,19,1,19.0
6twiyak,AGAGAAAAATCCAG,AGAGAAAAATCCAG</w>,14,1,14.0
7twiere,GCCCGATTTTCTCGGT,GCCCGATTTTCTCGGT</w>,16,1,16.0
7twimel,GCCTGCGATTTTCTCGGT,GCCTGCGATTTTCTCGGT</w>,18,1,18.0
7twiper,TGCGATGTGTTTTTCTCGGT,TGCGATGTGTTTTTCTCGGT</w>,20,1,20.0
7twipse,TGCGATGTGTTTTTCTCGGT,TGCGATGTGTTTTTCTCGGT</w>,20,1,20.0
7twisec,GCCTGATATTTTCTCGGT,GCCTGATATTTTCTCGGT</w>,18,1,18.0
7twisim,GCCTGCGATTTTCTCGGT,GCCTGCGATTTTCTCGGT</w>,18,1,18.0
7twivir,TGGGATTGTGTCTTTGTGTGT,TGGGATTGTGTCTTTGTGTGT</w>,21,1,21.0
7twiyak,GCCTGCGCTTTTCCCGGT,GCCTGCGCTTTTCCCGGT</w>,18,1,18.0
1rhoere,ATGGGAAAAACACA,ATGGGAAAAACACA</w>,14,1,14.0
1rhogri,ATGGGAAAAACACA,ATGGGAAAAACACA</w>,14,1,14.0
1rhomel,GTGGGAAAAACACA,GTGGGAAAAACACA</w>,14,1,14.0
1C_rhoper,CTGGGAAAACACAC,CTGGGAAAACACAC</w>,14,1,14.0
1rhopse,CTGGGAAAACACAC,CTGGGAAAACACAC</w>,14,1,14.0
1rhosec,GTGGGAAAAACACA,GTGGGAAAAACACA</w>,14,1,14.0
1rhosim,GTGGGAAAAACACA,GTGGGAAAAACACA</w>,14,1,14.0
1rhowil,GTGGGAAAATACCC,GTGGGAAAATACCC</w>,14,1,14.0
1rhoyak,GTGGGAAAAACACA,GTGGGAAAAACACA</w>,14,1,14.0
1rhoana,CTGGGAAAAACACA,CTGGGAAAAACACA</w>,14,1,14.0
1C_rhomoj,GCGGGAAAACCACA,GCGGGAAAACCACA</w>,14,1,14.0
1rhovirsca,ATGGGAAAAACACA,ATGGGAAAAACACA</w>,14,1,14.0
4rhoere,GTGGGAAAAGCCCAC,GTGGGAAAAGCCCAC</w>,15,1,15.0
4rhomel,GTGGGAAAAGCCCAC,GTGGGAAAAGCCCAC</w>,15,1,15.0
4rhosec,GTGGGAAAAGCCCAC,GTGGGAAAAGCCCAC</w>,15,1,15.0
4rhosim,GTGGGAAAAGCCCAC,GTGGGAAAAGCCCAC</w>,15,1,15.0
4rhowil,GTGGGAAAAGCCAGGC,GTGGGAAAAGCCAGGC</w>,16,1,16.0
4rhoyak,GTGGGAAAAGCCCGC,GTGGGAAAAGCCCGC</w>,15,1,15.0
4rhoana,GTGGGAAAAGCCCGC,GTGGGAAAAGCCCGC</w>,15,1,15.0
